insert into CODE_SYSTEM (ID,OID,NAME,DESCRIPTION) values (11,'2.16.840.1.113883.6.96','SNOMED CT','Systematized Nomenclature of Medicine-Clinical Terms (maintained by IHTSDO)');
insert into CODE_SYSTEM (ID,OID,NAME,DESCRIPTION) values (12,'2.16.840.1.113883.6.1','LOINC','Logical Observation Identifiers Names and Codes');
insert into CODE_SYSTEM_VERSION (ID,FULL_NAME,LOCAL_NAME,PREVIOUS_VERSION_ID,CODE_SYSTEM_ID,EFFECTIVE_DATE,RELEASE_DATE,STATUS,STATUS_DATE,DESCRIPTION,COPYRIGHT,SOURCE) values (41,'SNOMED CT July 2009','July 2009',null,11, PARSEDATETIME('13.7.2009','dd.MM.yyyy'), PARSEDATETIME('1.7.2009','dd.MM.yyyy'),'retired', PARSEDATETIME('20.1.2010','dd.MM.yyyy'),'SNOMED CT Release July 2009',null,'www.ihtsdo.org');
insert into CODE_SYSTEM_VERSION (ID,FULL_NAME,LOCAL_NAME,PREVIOUS_VERSION_ID,CODE_SYSTEM_ID,EFFECTIVE_DATE,RELEASE_DATE,STATUS,STATUS_DATE,DESCRIPTION,COPYRIGHT,SOURCE) values (42,'SNOMED CT January 2010','January 2010',41,11, PARSEDATETIME('20.1.2010','dd.MM.yyyy'), PARSEDATETIME('1.1.2010','dd.MM.yyyy'),'Current', PARSEDATETIME('20.1.2010','dd.MM.yyyy'),'SNOMED CT Release January 2010',null,'www.ihtsdo.org');
insert into CODE_SYSTEM_VERSION (ID,FULL_NAME,LOCAL_NAME,PREVIOUS_VERSION_ID,CODE_SYSTEM_ID,EFFECTIVE_DATE,RELEASE_DATE,STATUS,STATUS_DATE,DESCRIPTION,COPYRIGHT,SOURCE) values (43,'SNOMED CT July 2010','July 2010',42,11,null, PARSEDATETIME('1.7.2010','dd.MM.yyyy'),'not in use', PARSEDATETIME('15.7.2010','dd.MM.yyyy'),'SNOMED CT Release July 2010',null,'www.ihtsdo.org');
insert into CODE_SYSTEM_VERSION (ID,FULL_NAME,LOCAL_NAME,PREVIOUS_VERSION_ID,CODE_SYSTEM_ID,EFFECTIVE_DATE,RELEASE_DATE,STATUS,STATUS_DATE,DESCRIPTION,COPYRIGHT,SOURCE) values (44,'LOINC June 2009','June 2009',null,12, PARSEDATETIME('6.6.2010','dd.MM.yyyy'), PARSEDATETIME('1.6.2010','dd.MM.yyyy'),'Current', PARSEDATETIME('6.6.2010','dd.MM.yyyy'),'Last version of LOINC',null,'http://loinc.org/');
insert into VALUE_SET (ID,OID,EPSOS_NAME,DESCRIPTION,PARENT_CODE_SYSTEM_ID) values (71,'1.3.6.1.4.1.12559.11.10.1.3.1.42.18','epSOSAdverseEventType','Types of adverse events and allergic reactions',11);
insert into VALUE_SET (ID,OID,EPSOS_NAME,DESCRIPTION,PARENT_CODE_SYSTEM_ID) values (72,'1.3.6.1.4.1.12559.11.10.1.3.1.42.21','epSOSBloodPressure','Blood pressure type',12);
insert into VALUE_SET_VERSION (ID,VERSION_NAME,PREVIOUS_VERSION_ID,VALUE_SET_ID,EFFECTIVE_DATE,RELEASE_DATE,STATUS,STATUS_DATE,DESCRIPTION) values (81,'MVC 1.0',null,71, PARSEDATETIME('5.5.2010','dd.MM.yyyy'), PARSEDATETIME('1.5.2010','dd.MM.yyyy'),'Current', PARSEDATETIME('5.5.2010','dd.MM.yyyy'),'Final version of MVC');
insert into VALUE_SET_VERSION (ID,VERSION_NAME,PREVIOUS_VERSION_ID,VALUE_SET_ID,EFFECTIVE_DATE,RELEASE_DATE,STATUS,STATUS_DATE,DESCRIPTION) values (82,'MVC 1.0',null,72, PARSEDATETIME('5.5.2010','dd.MM.yyyy'), PARSEDATETIME('1.5.2010','dd.MM.yyyy'),'Current', PARSEDATETIME('5.5.2010','dd.MM.yyyy'),'Final version of MVC');
insert into CODE_SYSTEM_CONCEPT (ID,DEFINITION,CODE_SYSTEM_VERSION_ID,CODE) values (21,null,41,'419199007');
insert into CODE_SYSTEM_CONCEPT (ID,DEFINITION,CODE_SYSTEM_VERSION_ID,CODE) values (22,null,41,'416098002');
insert into CODE_SYSTEM_CONCEPT (ID,DEFINITION,CODE_SYSTEM_VERSION_ID,CODE) values (23,null,41,'59037007');
insert into CODE_SYSTEM_CONCEPT (ID,DEFINITION,CODE_SYSTEM_VERSION_ID,CODE) values (24,null,44,'8462-4');
insert into CODE_SYSTEM_CONCEPT (ID,DEFINITION,CODE_SYSTEM_VERSION_ID,CODE) values (25,null,44,'8480-6');
insert into CODE_SYSTEM_CONCEPT (ID,DEFINITION,CODE_SYSTEM_VERSION_ID,CODE) values (26,null,42,'271649006');
insert into CODE_SYSTEM_CONCEPT (ID,DEFINITION,CODE_SYSTEM_VERSION_ID,CODE) values (31,null,42,'271650006');
insert into CODE_SYSTEM_CONCEPT (ID,DEFINITION,CODE_SYSTEM_VERSION_ID,CODE, STATUS) values (27,null,42,'271650006','curren');
insert into CODE_SYSTEM_CONCEPT (ID,DEFINITION,CODE_SYSTEM_VERSION_ID,CODE) values (28,null,42,'271650007');
insert into CODE_SYSTEM_CONCEPT (ID,DEFINITION,CODE_SYSTEM_VERSION_ID,CODE) values (29,null,42,'271650008');
insert into CODE_SYSTEM_CONCEPT (ID,DEFINITION,CODE_SYSTEM_VERSION_ID,CODE) values (30,null,42,'271650009');
insert into CODE_SYSTEM_CONCEPT (ID,DEFINITION,CODE_SYSTEM_VERSION_ID,CODE) values (32,null,42,'271650010');
insert into CODE_SYSTEM_CONCEPT (ID,DEFINITION,CODE_SYSTEM_VERSION_ID,CODE) values (33,null,42,'271650011');
insert into DESIGNATION (ID,DESIGNATION,CODE_SYSTEM_CONCEPT_ID,LANGUAGE_CODE,TYPE,IS_PREFERRED,STATUS,STATUS_DATE) values (51,'Allergy to substance',21,'en','Preferred Term','Yes','Current', PARSEDATETIME('20.1.2010','dd.MM.yyyy'));
insert into DESIGNATION (ID,DESIGNATION,CODE_SYSTEM_CONCEPT_ID,LANGUAGE_CODE,TYPE,IS_PREFERRED,STATUS,STATUS_DATE) values (52,'Drug allergy',22,'en-US','Preferred Term','Yes','Current', PARSEDATETIME('20.1.2010','dd.MM.yyyy'));
insert into DESIGNATION (ID,DESIGNATION,CODE_SYSTEM_CONCEPT_ID,LANGUAGE_CODE,TYPE,IS_PREFERRED,STATUS,STATUS_DATE) values (53,'Drug intolerance',23,'en-US','Preferred Term','Yes','Current', PARSEDATETIME('20.1.2010','dd.MM.yyyy'));
insert into DESIGNATION (ID,DESIGNATION,CODE_SYSTEM_CONCEPT_ID,LANGUAGE_CODE,TYPE,IS_PREFERRED,STATUS,STATUS_DATE) values (54,'INTRAVASCULAR DIASTOLIC',24,'en',null,'Yes','Current', PARSEDATETIME('6.6.2010','dd.MM.yyyy'));
insert into DESIGNATION (ID,DESIGNATION,CODE_SYSTEM_CONCEPT_ID,LANGUAGE_CODE,TYPE,IS_PREFERRED,STATUS,STATUS_DATE) values (55,'INTRAVASCULAR SYSTOLIC',25,'en-GB',null,'Yes','Current', PARSEDATETIME('6.6.2010','dd.MM.yyyy'));
insert into DESIGNATION (ID,DESIGNATION,CODE_SYSTEM_CONCEPT_ID,LANGUAGE_CODE,TYPE,IS_PREFERRED,STATUS,STATUS_DATE) values (56,'Systolic blood pressure',26,'en','Preferred Term',null,'Current', PARSEDATETIME('1.7.2009','dd.MM.yyyy'));
insert into DESIGNATION (ID,DESIGNATION,CODE_SYSTEM_CONCEPT_ID,LANGUAGE_CODE,TYPE,IS_PREFERRED,STATUS,STATUS_DATE) values (57,'diastolicky arteriovy tlak',27,'sk-SK','Preferred Term',null,'Current', PARSEDATETIME('24.12.2009','dd.MM.yyyy'));
insert into DESIGNATION (ID,DESIGNATION,CODE_SYSTEM_CONCEPT_ID,LANGUAGE_CODE,TYPE,IS_PREFERRED,STATUS,STATUS_DATE) values (58,'Diastolic blood pressure',27,'en','Preferred Term','Yes','Current', PARSEDATETIME('1.7.2009','dd.MM.yyyy'));
insert into DESIGNATION (ID,DESIGNATION,CODE_SYSTEM_CONCEPT_ID,LANGUAGE_CODE,TYPE,IS_PREFERRED,STATUS,STATUS_DATE) values (59,'Diastolic blood pressure',29,'en','Preferred Term','Yes','Current', PARSEDATETIME('1.7.2009','dd.MM.yyyy'));
insert into DESIGNATION (ID,DESIGNATION,CODE_SYSTEM_CONCEPT_ID,LANGUAGE_CODE,TYPE,IS_PREFERRED,STATUS,STATUS_DATE) values (60,'diastolicky arteriovy tlak',27,'sk-SK','Preferred Term','Yes','NoCurrent', PARSEDATETIME('1.7.2009','dd.MM.yyyy'));
insert into DESIGNATION (ID,DESIGNATION,CODE_SYSTEM_CONCEPT_ID,LANGUAGE_CODE,TYPE,IS_PREFERRED,STATUS,STATUS_DATE) values (61,'diastolicky arteriovy tlak',27,'sk-SK','Preferred Term','Yes','Current', PARSEDATETIME('1.7.2009','dd.MM.yyyy'));
insert into DESIGNATION (ID,DESIGNATION,CODE_SYSTEM_CONCEPT_ID,LANGUAGE_CODE,TYPE,IS_PREFERRED,STATUS,STATUS_DATE) values (62,'diastolicky arteriovy tlak',27,'sk-SK','Preferred Term','No',null, PARSEDATETIME('1.7.2009','dd.MM.yyyy'));
insert into DESIGNATION (ID,DESIGNATION,CODE_SYSTEM_CONCEPT_ID,LANGUAGE_CODE,TYPE,IS_PREFERRED,STATUS,STATUS_DATE) values (63,'diastolicky arteriovy tlak',32,'sk-SK','Preferred Term','No',null, PARSEDATETIME('1.7.2009','dd.MM.yyyy'));
insert into DESIGNATION (ID,DESIGNATION,CODE_SYSTEM_CONCEPT_ID,LANGUAGE_CODE,TYPE,IS_PREFERRED,STATUS,STATUS_DATE) values (64,'diastolicky arteriovy tlak',33,'sk-SK','Preferred Term','No','Current', PARSEDATETIME('1.7.2009','dd.MM.yyyy'));
insert into DESIGNATION (ID,DESIGNATION,CODE_SYSTEM_CONCEPT_ID,LANGUAGE_CODE,TYPE,IS_PREFERRED,STATUS,STATUS_DATE) values (65,'diastolicky arteriovy tlak',33,'sk-SK','Preferred Term',null,'Current', PARSEDATETIME('1.7.2009','dd.MM.yyyy'));
insert into TRANSCODING_ASSOCIATION (ID,SOURCE_CONCEPT_ID,TARGET_CONCEPT_ID,QUALITY,STATUS,STATUS_DATE) values (61,26,25,null,'valid', PARSEDATETIME('5.5.2010','dd.MM.yyyy'));
insert into TRANSCODING_ASSOCIATION (ID,SOURCE_CONCEPT_ID,TARGET_CONCEPT_ID,QUALITY,STATUS,STATUS_DATE) values (62,27,24,null,'valid', PARSEDATETIME('5.5.2010','dd.MM.yyyy'));
insert into TRANSCODING_ASSOCIATION (ID,SOURCE_CONCEPT_ID,TARGET_CONCEPT_ID,QUALITY,STATUS,STATUS_DATE) values (63,21,30,null,'valid', PARSEDATETIME('5.5.2010','dd.MM.yyyy'));
insert into X_CONCEPT_VALUE_SET  values (21,81);
insert into X_CONCEPT_VALUE_SET  values (22,81);
insert into X_CONCEPT_VALUE_SET  values (23,81);
insert into X_CONCEPT_VALUE_SET  values (24,82);
insert into X_CONCEPT_VALUE_SET  values (25,82);
insert into X_CONCEPT_VALUE_SET  values (26,81);
insert into X_CONCEPT_VALUE_SET  values (27,81);
insert into X_CONCEPT_VALUE_SET  values (30,81);