insert into CODE_SYSTEM (ID,OID,NAME) values (101,'2.16.840.1.113883.6.1','LOINC');
insert into CODE_SYSTEM_VERSION (ID,LOCAL_NAME,CODE_SYSTEM_ID) values (101,'LOINCVersion',101);
insert into CODE_SYSTEM (ID,OID,NAME) values (102,'2.16.840.1.113883.5.25','Connect-a-thon confidentialityCodes');
insert into CODE_SYSTEM_VERSION (ID,LOCAL_NAME,CODE_SYSTEM_ID) values (102,'Connect-a-thon confidentialityCodesVersion',102);
insert into CODE_SYSTEM (ID,OID,NAME) values (103,'2.16.840.1.113883.5.1','HL7 AdministrativeGender');
insert into CODE_SYSTEM_VERSION (ID,LOCAL_NAME,CODE_SYSTEM_ID) values (103,'HL7 AdministrativeGenderVersion',103);
insert into CODE_SYSTEM (ID,OID,NAME) values (104,'1.3.5.1.4.1.19376.1.5.3.3','IHERoleCode');
insert into CODE_SYSTEM_VERSION (ID,LOCAL_NAME,CODE_SYSTEM_ID) values (104,'IHERoleCodeVersion',104);
insert into CODE_SYSTEM (ID,OID,NAME) values (105,'2.16.840.1.113883.2.9.6.2.7','epSOSHealthcareProfessionalRoles');
insert into CODE_SYSTEM_VERSION (ID,LOCAL_NAME,CODE_SYSTEM_ID) values (105,'epSOSHealthcareProfessionalRolesVersion',105);
insert into CODE_SYSTEM (ID,OID,NAME) values (106,'2.16.840.1.113883.5.111','HL7PersonalRelationshipRoleTypes');
insert into CODE_SYSTEM_VERSION (ID,LOCAL_NAME,CODE_SYSTEM_ID) values (106,'HL7PersonalRelationshipRoleTypesVersion',106);
insert into CODE_SYSTEM (ID,OID,NAME) values (107,'2.16.840.1.113883.6.96','SNOMED CT');
insert into CODE_SYSTEM_VERSION (ID,LOCAL_NAME,CODE_SYSTEM_ID) values (107,'SNOMED CTVersion',107);
insert into CODE_SYSTEM (ID,OID,NAME) values (108,'1.3.6.1.4.1.12559.11.10.1.3.1.44.1','EDQM');
insert into CODE_SYSTEM_VERSION (ID,LOCAL_NAME,CODE_SYSTEM_ID) values (108,'EDQMVersion',108);
insert into CODE_SYSTEM (ID,OID,NAME) values (109,'2.16.840.1.113883.6.73','ATC');
insert into CODE_SYSTEM_VERSION (ID,LOCAL_NAME,CODE_SYSTEM_ID) values (109,'ATCVersion',109);
insert into CODE_SYSTEM (ID,OID,NAME) values (110,'1.3.6.1.4.1.19376.1.5.3.2','IHEActCode');
insert into CODE_SYSTEM_VERSION (ID,LOCAL_NAME,CODE_SYSTEM_ID) values (110,'IHEActCodeVersion',110);
insert into CODE_SYSTEM (ID,OID,NAME) values (111,'1.3.6.1.4.1.12559.11.10.1.3.1.44.2','ICD-10-WHO-en 2008');
insert into CODE_SYSTEM_VERSION (ID,LOCAL_NAME,CODE_SYSTEM_ID) values (111,'ICD-10-WHO-en2008Version',111);
insert into CODE_SYSTEM (ID,OID,NAME) values (112,'2.16.17.710.777.0.3','RSNA2008 eventCodeList');
insert into CODE_SYSTEM_VERSION (ID,LOCAL_NAME,CODE_SYSTEM_ID) values (112,'RSNA2008eventCodeListVersion',112);
insert into CODE_SYSTEM (ID,OID,NAME) values (113,'1.2.40.0.32.6.1.10','PracticeSetting Code List');
insert into CODE_SYSTEM_VERSION (ID,LOCAL_NAME,CODE_SYSTEM_ID) values (113,'PracticeSettingCodeListVersion',113);
insert into CODE_SYSTEM (ID,OID,NAME) values (114,'2.16.840.1.113883.5.2','HL7 Marital Status Vocabulary');
insert into CODE_SYSTEM_VERSION (ID,LOCAL_NAME,CODE_SYSTEM_ID) values (114,'HL7MaritalStatusVocabularyVersion',114);
insert into CODE_SYSTEM (ID,OID,NAME) values (115,'2.16.840.1.113883.5.60','LanguageAbilityMode');
insert into CODE_SYSTEM_VERSION (ID,LOCAL_NAME,CODE_SYSTEM_ID) values (115,'LanguageAbilityModeVersion',115);
insert into CODE_SYSTEM (ID,OID,NAME) values (116,'2.16.840.1.113883.5.61','LanguageProficiencyLevel');
insert into CODE_SYSTEM_VERSION (ID,LOCAL_NAME,CODE_SYSTEM_ID) values (116,'LanguageProficiencyLevelVersion',116);
insert into CODE_SYSTEM (ID,OID,NAME) values (117,'2.16.840.1.113883.5.88','ParticipationFunction');
insert into CODE_SYSTEM_VERSION (ID,LOCAL_NAME,CODE_SYSTEM_ID) values (117,'ParticipationFunctionVersion',117);
insert into CODE_SYSTEM (ID,OID,NAME) values (118,'1.2.3.4.5','dummy');
insert into CODE_SYSTEM_VERSION (ID,LOCAL_NAME,CODE_SYSTEM_ID) values (118,'dummyVersion',118);
insert into CODE_SYSTEM (ID,OID,NAME) values (119,'x','x');
insert into CODE_SYSTEM_VERSION (ID,LOCAL_NAME,CODE_SYSTEM_ID) values (119,'xVersion',119);
insert into CODE_SYSTEM_CONCEPT (id, code,code_system_version_id) values (101,'57833-6',101);
insert into DESIGNATION (ID,DESIGNATION,CODE_SYSTEM_CONCEPT_ID,LANGUAGE_CODE,TYPE,IS_PREFERRED,STATUS) values (1011,'ePrescription',101,'en','Preferred Term','Yes','current');
insert into CODE_SYSTEM_CONCEPT (id, code,code_system_version_id) values (102,'1.3.6.1.4.1.21367.2006.7.107',102);
insert into DESIGNATION (ID,DESIGNATION,CODE_SYSTEM_CONCEPT_ID,LANGUAGE_CODE,TYPE,IS_PREFERRED,STATUS) values (1021,'Normal Sharing',102,'en','Preferred Term','Yes','current');
insert into CODE_SYSTEM_CONCEPT (id, code,code_system_version_id) values (103,'F',103);
insert into DESIGNATION (ID,DESIGNATION,CODE_SYSTEM_CONCEPT_ID,LANGUAGE_CODE,TYPE,IS_PREFERRED,STATUS) values (1031,'Female',103,'en','Preferred Term','Yes','current');
insert into DESIGNATION (ID,DESIGNATION,CODE_SYSTEM_CONCEPT_ID,LANGUAGE_CODE,TYPE,IS_PREFERRED,STATUS) values (1032,'Weiblich',103,'de','Preferred Term','Yes','current');
insert into DESIGNATION (ID,DESIGNATION,CODE_SYSTEM_CONCEPT_ID,LANGUAGE_CODE,TYPE,IS_PREFERRED,STATUS) values (1033,'Féminin',103,'fr','Preferred Term','Yes','current');
insert into CODE_SYSTEM_CONCEPT (id, code,code_system_version_id) values (104,'SCHOOL',104);
insert into DESIGNATION (ID,DESIGNATION,CODE_SYSTEM_CONCEPT_ID,LANGUAGE_CODE,TYPE,IS_PREFERRED,STATUS) values (1041,'School',104,'en','Preferred Term','Yes','current');
insert into DESIGNATION (ID,DESIGNATION,CODE_SYSTEM_CONCEPT_ID,LANGUAGE_CODE,TYPE,IS_PREFERRED,STATUS) values (1042,'Schule',104,'de','Preferred Term','Yes','current');
insert into DESIGNATION (ID,DESIGNATION,CODE_SYSTEM_CONCEPT_ID,LANGUAGE_CODE,TYPE,IS_PREFERRED,STATUS) values (1043,'Ecole',104,'fr','Preferred Term','Yes','current');
insert into CODE_SYSTEM_CONCEPT (id, code,code_system_version_id) values (105,'221',105);
insert into DESIGNATION (ID,DESIGNATION,CODE_SYSTEM_CONCEPT_ID,LANGUAGE_CODE,TYPE,IS_PREFERRED,STATUS) values (1051,'Medical doctors',105,'en','Preferred Term','Yes','current');
insert into DESIGNATION (ID,DESIGNATION,CODE_SYSTEM_CONCEPT_ID,LANGUAGE_CODE,TYPE,IS_PREFERRED,STATUS) values (1053,'Médecins',105,'fr','Preferred Term','Yes','current');
insert into CODE_SYSTEM_CONCEPT (id, code,code_system_version_id) values (106,'MTH',106);
insert into DESIGNATION (ID,DESIGNATION,CODE_SYSTEM_CONCEPT_ID,LANGUAGE_CODE,TYPE,IS_PREFERRED,STATUS) values (1061,'Mother',106,'en','Preferred Term','Yes','current');
insert into DESIGNATION (ID,DESIGNATION,CODE_SYSTEM_CONCEPT_ID,LANGUAGE_CODE,TYPE,IS_PREFERRED,STATUS) values (1062,'Mutter',106,'de','Preferred Term','Yes','current');
insert into DESIGNATION (ID,DESIGNATION,CODE_SYSTEM_CONCEPT_ID,LANGUAGE_CODE,TYPE,IS_PREFERRED,STATUS) values (1063,'Mčre',106,'fr','Preferred Term','Yes','current');
insert into CODE_SYSTEM_CONCEPT (id, code,code_system_version_id) values (108,'57828-6',101);
insert into DESIGNATION (ID,DESIGNATION,CODE_SYSTEM_CONCEPT_ID,LANGUAGE_CODE,TYPE,IS_PREFERRED,STATUS) values (1081,'Prescriptions',108,'en','Preferred Term','Yes','current');
insert into CODE_SYSTEM_CONCEPT (id, code,code_system_version_id) values (110,'182904002',107);
insert into DESIGNATION (ID,DESIGNATION,CODE_SYSTEM_CONCEPT_ID,LANGUAGE_CODE,TYPE,IS_PREFERRED,STATUS) values (1101,'Drug treatment unknown',110,'en','Preferred Term','Yes','current');
insert into DESIGNATION (ID,DESIGNATION,CODE_SYSTEM_CONCEPT_ID,LANGUAGE_CODE,TYPE,IS_PREFERRED,STATUS) values (1103,'Traitement médicamenteux non connu - PRAS',110,'fr','Preferred Term','Yes','current');
insert into CODE_SYSTEM_CONCEPT (id, code,code_system_version_id) values (111,'20004000',108);
insert into DESIGNATION (ID,DESIGNATION,CODE_SYSTEM_CONCEPT_ID,LANGUAGE_CODE,TYPE,IS_PREFERRED,STATUS) values (1111,'Dental use',111,'en','Preferred Term','Yes','current');
insert into DESIGNATION (ID,DESIGNATION,CODE_SYSTEM_CONCEPT_ID,LANGUAGE_CODE,TYPE,IS_PREFERRED,STATUS) values (1113,'Voie dentaire',111,'fr','Preferred Term','Yes','current');
insert into CODE_SYSTEM_CONCEPT (id, code,code_system_version_id) values (112,'A02BC02',109);
insert into DESIGNATION (ID,DESIGNATION,CODE_SYSTEM_CONCEPT_ID,LANGUAGE_CODE,TYPE,IS_PREFERRED,STATUS) values (1121,'Pantoprazole',112,'en','Preferred Term','Yes','current');
insert into DESIGNATION (ID,DESIGNATION,CODE_SYSTEM_CONCEPT_ID,LANGUAGE_CODE,TYPE,IS_PREFERRED,STATUS) values (1123,'Pantoprazole',112,'fr','Preferred Term','Yes','current');
insert into CODE_SYSTEM_CONCEPT (id, code,code_system_version_id) values (113,'12100',108);
insert into DESIGNATION (ID,DESIGNATION,CODE_SYSTEM_CONCEPT_ID,LANGUAGE_CODE,TYPE,IS_PREFERRED,STATUS) values (1131,'Capsule',113,'en','Preferred Term','Yes','current');
insert into DESIGNATION (ID,DESIGNATION,CODE_SYSTEM_CONCEPT_ID,LANGUAGE_CODE,TYPE,IS_PREFERRED,STATUS) values (1133,'Capsule',113,'fr','Preferred Term','Yes','current');
insert into CODE_SYSTEM_CONCEPT (id, code,code_system_version_id) values (114,'30014000',108);
insert into DESIGNATION (ID,DESIGNATION,CODE_SYSTEM_CONCEPT_ID,LANGUAGE_CODE,TYPE,IS_PREFERRED,STATUS) values (1141,'Cartridge',114,'en','Preferred Term','Yes','current');
insert into DESIGNATION (ID,DESIGNATION,CODE_SYSTEM_CONCEPT_ID,LANGUAGE_CODE,TYPE,IS_PREFERRED,STATUS) values (1143,'Cartouche',114,'fr','Preferred Term','Yes','current');
insert into CODE_SYSTEM_CONCEPT (id, code,code_system_version_id) values (116,'PINSTRUCT',110);
insert into CODE_SYSTEM_CONCEPT (id, code,code_system_version_id) values (117,'FINSTRUCT',110);
insert into CODE_SYSTEM_CONCEPT (id, code,code_system_version_id) values (119,'20053000',108);
insert into DESIGNATION (ID,DESIGNATION,CODE_SYSTEM_CONCEPT_ID,LANGUAGE_CODE,TYPE,IS_PREFERRED,STATUS) values (1191,'Oral use',119,'en','Preferred Term','Yes','current');
insert into DESIGNATION (ID,DESIGNATION,CODE_SYSTEM_CONCEPT_ID,LANGUAGE_CODE,TYPE,IS_PREFERRED,STATUS) values (1193,'Voie orale',119,'fr','Preferred Term','Yes','current');
insert into CODE_SYSTEM_CONCEPT (id, code,code_system_version_id) values (120,'D11AX18',109);
insert into DESIGNATION (ID,DESIGNATION,CODE_SYSTEM_CONCEPT_ID,LANGUAGE_CODE,TYPE,IS_PREFERRED,STATUS) values (1201,'Diclofenac',120,'en','Preferred Term','Yes','current');
insert into DESIGNATION (ID,DESIGNATION,CODE_SYSTEM_CONCEPT_ID,LANGUAGE_CODE,TYPE,IS_PREFERRED,STATUS) values (1203,'Diclofenac',120,'fr','Preferred Term','Yes','current');
insert into CODE_SYSTEM_CONCEPT (id, code,code_system_version_id) values (121,'12200',108);
insert into DESIGNATION (ID,DESIGNATION,CODE_SYSTEM_CONCEPT_ID,LANGUAGE_CODE,TYPE,IS_PREFERRED,STATUS) values (1211,'Tablet',121,'en','Preferred Term','Yes','current');
insert into DESIGNATION (ID,DESIGNATION,CODE_SYSTEM_CONCEPT_ID,LANGUAGE_CODE,TYPE,IS_PREFERRED,STATUS) values (1213,'Comprimé',121,'fr','Preferred Term','Yes','current');
insert into CODE_SYSTEM_CONCEPT (id, code,code_system_version_id) values (122,'30066000',108);
insert into DESIGNATION (ID,DESIGNATION,CODE_SYSTEM_CONCEPT_ID,LANGUAGE_CODE,TYPE,IS_PREFERRED,STATUS) values (1221,'Tablet container',122,'en','Preferred Term','Yes','current');
insert into DESIGNATION (ID,DESIGNATION,CODE_SYSTEM_CONCEPT_ID,LANGUAGE_CODE,TYPE,IS_PREFERRED,STATUS) values (1223,'Pilulier',122,'fr','Preferred Term','Yes','current');
insert into CODE_SYSTEM_CONCEPT (id, code,code_system_version_id) values (123,'RELMAD572',101);
insert into DESIGNATION (ID,DESIGNATION,CODE_SYSTEM_CONCEPT_ID,LANGUAGE_CODE,TYPE,IS_PREFERRED,STATUS) values (1231,'Patient Summary',123,'en','Preferred Term','Yes','current');
insert into CODE_SYSTEM_CONCEPT (id, code,code_system_version_id) values (124,'PCP',117);
insert into CODE_SYSTEM_CONCEPT (id, code,code_system_version_id) values (125,'TRID1001',112);
insert into DESIGNATION (ID,DESIGNATION,CODE_SYSTEM_CONCEPT_ID,LANGUAGE_CODE,TYPE,IS_PREFERRED,STATUS) values (1251,'XRAY CHEST Orderable',125,'en','Preferred Term','Yes','current');
insert into DESIGNATION (ID,DESIGNATION,CODE_SYSTEM_CONCEPT_ID,LANGUAGE_CODE,TYPE,IS_PREFERRED,STATUS) values (1253,'Radiographie Pulmonaire Commandable',125,'fr','Preferred Term','Yes','current');
insert into CODE_SYSTEM_CONCEPT (id, code,code_system_version_id) values (126,'394802001',105);
insert into DESIGNATION (ID,DESIGNATION,CODE_SYSTEM_CONCEPT_ID,LANGUAGE_CODE,TYPE,IS_PREFERRED,STATUS) values (1261,'General Medicine',126,'en','Preferred Term','Yes','current');
insert into DESIGNATION (ID,DESIGNATION,CODE_SYSTEM_CONCEPT_ID,LANGUAGE_CODE,TYPE,IS_PREFERRED,STATUS) values (1263,'Médecine générale',126,'fr','Preferred Term','Yes','current');
insert into CODE_SYSTEM_CONCEPT (id, code,code_system_version_id) values (127,'HOSP',113);
insert into DESIGNATION (ID,DESIGNATION,CODE_SYSTEM_CONCEPT_ID,LANGUAGE_CODE,TYPE,IS_PREFERRED,STATUS) values (1271,'Hospitals',127,'en','Preferred Term','Yes','current');
insert into DESIGNATION (ID,DESIGNATION,CODE_SYSTEM_CONCEPT_ID,LANGUAGE_CODE,TYPE,IS_PREFERRED,STATUS) values (1273,'Hôpitaux',127,'fr','Preferred Term','Yes','current');
insert into CODE_SYSTEM_CONCEPT (id, code,code_system_version_id) values (128,'48765-2',101);
insert into DESIGNATION (ID,DESIGNATION,CODE_SYSTEM_CONCEPT_ID,LANGUAGE_CODE,TYPE,IS_PREFERRED,STATUS) values (1281,'Allergies and Other Adverse Reactions',128,'en','Preferred Term','Yes','current');
insert into DESIGNATION (ID,DESIGNATION,CODE_SYSTEM_CONCEPT_ID,LANGUAGE_CODE,TYPE,IS_PREFERRED,STATUS) values (1282,'Allergien,  Nebenwirkungen und Warnsignale',128,'de','Preferred Term','Yes','current');
insert into DESIGNATION (ID,DESIGNATION,CODE_SYSTEM_CONCEPT_ID,LANGUAGE_CODE,TYPE,IS_PREFERRED,STATUS) values (1283,'Allergies et autres réactions adverses',128,'fr','Preferred Term','Yes','current');
insert into CODE_SYSTEM_CONCEPT (id, code,code_system_version_id) values (129,'419199007',107);
insert into DESIGNATION (ID,DESIGNATION,CODE_SYSTEM_CONCEPT_ID,LANGUAGE_CODE,TYPE,IS_PREFERRED,STATUS) values (1291,'Allergy to substance',129,'en','Preferred Term','Yes','current');
insert into DESIGNATION (ID,DESIGNATION,CODE_SYSTEM_CONCEPT_ID,LANGUAGE_CODE,TYPE,IS_PREFERRED,STATUS) values (1292,'Allergie auf andere Substanze',129,'de','Preferred Term','Yes','current');
insert into DESIGNATION (ID,DESIGNATION,CODE_SYSTEM_CONCEPT_ID,LANGUAGE_CODE,TYPE,IS_PREFERRED,STATUS) values (1293,'Allergie a une substance',129,'fr','Preferred Term','Yes','current');
insert into CODE_SYSTEM_CONCEPT (id, code,code_system_version_id) values (130,'276310004',107);
insert into DESIGNATION (ID,DESIGNATION,CODE_SYSTEM_CONCEPT_ID,LANGUAGE_CODE,TYPE,IS_PREFERRED,STATUS) values (1301,'Animal hair',130,'en','Preferred Term','Yes','current');
insert into DESIGNATION (ID,DESIGNATION,CODE_SYSTEM_CONCEPT_ID,LANGUAGE_CODE,TYPE,IS_PREFERRED,STATUS) values (1302,'Tierhaare',130,'de','Preferred Term','Yes','current');
insert into DESIGNATION (ID,DESIGNATION,CODE_SYSTEM_CONCEPT_ID,LANGUAGE_CODE,TYPE,IS_PREFERRED,STATUS) values (1303,'Poil animal',130,'fr','Preferred Term','Yes','current');
insert into CODE_SYSTEM_CONCEPT (id, code,code_system_version_id) values (131,'409586006',107);
insert into DESIGNATION (ID,DESIGNATION,CODE_SYSTEM_CONCEPT_ID,LANGUAGE_CODE,TYPE,IS_PREFERRED,STATUS) values (1311,'Complaint',131,'en','Preferred Term','Yes','current');
insert into DESIGNATION (ID,DESIGNATION,CODE_SYSTEM_CONCEPT_ID,LANGUAGE_CODE,TYPE,IS_PREFERRED,STATUS) values (1312,'Beschwerde',131,'de','Preferred Term','Yes','current');
insert into DESIGNATION (ID,DESIGNATION,CODE_SYSTEM_CONCEPT_ID,LANGUAGE_CODE,TYPE,IS_PREFERRED,STATUS) values (1313,'Plainte',131,'fr','Preferred Term','Yes','current');
insert into CODE_SYSTEM_CONCEPT (id, code,code_system_version_id) values (132,'4386001',107);
insert into DESIGNATION (ID,DESIGNATION,CODE_SYSTEM_CONCEPT_ID,LANGUAGE_CODE,TYPE,IS_PREFERRED,STATUS) values (1321,'Bronchospasm',132,'en','Preferred Term','Yes','current');
insert into DESIGNATION (ID,DESIGNATION,CODE_SYSTEM_CONCEPT_ID,LANGUAGE_CODE,TYPE,IS_PREFERRED,STATUS) values (1322,'Bronchospasmus',132,'de','Preferred Term','Yes','current');
insert into DESIGNATION (ID,DESIGNATION,CODE_SYSTEM_CONCEPT_ID,LANGUAGE_CODE,TYPE,IS_PREFERRED,STATUS) values (1323,'Bronchospasme',132,'fr','Preferred Term','Yes','current');
insert into CODE_SYSTEM_CONCEPT (id, code,code_system_version_id) values (133,'SEV',110);
insert into DESIGNATION (ID,DESIGNATION,CODE_SYSTEM_CONCEPT_ID,LANGUAGE_CODE,TYPE,IS_PREFERRED,STATUS) values (1331,'Severity',133,'en','Preferred Term','Yes','current');
insert into DESIGNATION (ID,DESIGNATION,CODE_SYSTEM_CONCEPT_ID,LANGUAGE_CODE,TYPE,IS_PREFERRED,STATUS) values (1332,'Schweregrad',133,'de','Preferred Term','Yes','current');
insert into DESIGNATION (ID,DESIGNATION,CODE_SYSTEM_CONCEPT_ID,LANGUAGE_CODE,TYPE,IS_PREFERRED,STATUS) values (1333,'Gravité',133,'fr','Preferred Term','Yes','current');
insert into CODE_SYSTEM_CONCEPT (id, code,code_system_version_id) values (134,'6736007',107);
insert into DESIGNATION (ID,DESIGNATION,CODE_SYSTEM_CONCEPT_ID,LANGUAGE_CODE,TYPE,IS_PREFERRED,STATUS) values (1341,'Moderate',134,'en','Preferred Term','Yes','current');
insert into DESIGNATION (ID,DESIGNATION,CODE_SYSTEM_CONCEPT_ID,LANGUAGE_CODE,TYPE,IS_PREFERRED,STATUS) values (1342,'Moderat',134,'de','Preferred Term','Yes','current');
insert into DESIGNATION (ID,DESIGNATION,CODE_SYSTEM_CONCEPT_ID,LANGUAGE_CODE,TYPE,IS_PREFERRED,STATUS) values (1343,'Modérée',134,'fr','Preferred Term','Yes','current');
insert into CODE_SYSTEM_CONCEPT (id, code,code_system_version_id) values (135,'11369-6',101);
insert into DESIGNATION (ID,DESIGNATION,CODE_SYSTEM_CONCEPT_ID,LANGUAGE_CODE,TYPE,IS_PREFERRED,STATUS) values (1351,'Immunizations',135,'en','Preferred Term','Yes','current');
insert into DESIGNATION (ID,DESIGNATION,CODE_SYSTEM_CONCEPT_ID,LANGUAGE_CODE,TYPE,IS_PREFERRED,STATUS) values (1352,'Bisherige Immunisierungen',135,'de','Preferred Term','Yes','current');
insert into DESIGNATION (ID,DESIGNATION,CODE_SYSTEM_CONCEPT_ID,LANGUAGE_CODE,TYPE,IS_PREFERRED,STATUS) values (1353,'Vaccinations',135,'fr','Preferred Term','Yes','current');
insert into CODE_SYSTEM_CONCEPT (id, code,code_system_version_id) values (136,'IMMUNIZ',110);
insert into DESIGNATION (ID,DESIGNATION,CODE_SYSTEM_CONCEPT_ID,LANGUAGE_CODE,TYPE,IS_PREFERRED,STATUS) values (1361,'Immunisation',136,'en','Preferred Term','Yes','current');
insert into CODE_SYSTEM_CONCEPT (id, code,code_system_version_id) values (137,'333702001',107);
insert into DESIGNATION (ID,DESIGNATION,CODE_SYSTEM_CONCEPT_ID,LANGUAGE_CODE,TYPE,IS_PREFERRED,STATUS) values (1371,'Hepatitis A+B vaccine',137,'en','Preferred Term','Yes','current');
insert into DESIGNATION (ID,DESIGNATION,CODE_SYSTEM_CONCEPT_ID,LANGUAGE_CODE,TYPE,IS_PREFERRED,STATUS) values (1372,'Hepatitis A+B Kombiimpfung',137,'de','Preferred Term','Yes','current');
insert into DESIGNATION (ID,DESIGNATION,CODE_SYSTEM_CONCEPT_ID,LANGUAGE_CODE,TYPE,IS_PREFERRED,STATUS) values (1373,'Hepatitis A+B Kombiimpfung',137,'fr','Preferred Term','Yes','current');
insert into CODE_SYSTEM_CONCEPT (id, code,code_system_version_id) values (138,'333621002',107);
insert into DESIGNATION (ID,DESIGNATION,CODE_SYSTEM_CONCEPT_ID,LANGUAGE_CODE,TYPE,IS_PREFERRED,STATUS) values (1381,'Tetanus vaccine',138,'en','Preferred Term','Yes','current');
insert into DESIGNATION (ID,DESIGNATION,CODE_SYSTEM_CONCEPT_ID,LANGUAGE_CODE,TYPE,IS_PREFERRED,STATUS) values (1382,'Tetanus',138,'de','Preferred Term','Yes','current');
insert into DESIGNATION (ID,DESIGNATION,CODE_SYSTEM_CONCEPT_ID,LANGUAGE_CODE,TYPE,IS_PREFERRED,STATUS) values (1383,'Vaccin anti-tétanique - PRAS',138,'fr','Preferred Term','Yes','current');
insert into CODE_SYSTEM_CONCEPT (id, code,code_system_version_id) values (139,'10160-0',101);
insert into DESIGNATION (ID,DESIGNATION,CODE_SYSTEM_CONCEPT_ID,LANGUAGE_CODE,TYPE,IS_PREFERRED,STATUS) values (1391,'History of Medication Use',139,'en','Preferred Term','Yes','current');
insert into DESIGNATION (ID,DESIGNATION,CODE_SYSTEM_CONCEPT_ID,LANGUAGE_CODE,TYPE,IS_PREFERRED,STATUS) values (1393,'Historique de la prise médicamenteuse',139,'fr','Preferred Term','Yes','current');
insert into CODE_SYSTEM_CONCEPT (id, code,code_system_version_id) values (140,'408350003',107);
insert into DESIGNATION (ID,DESIGNATION,CODE_SYSTEM_CONCEPT_ID,LANGUAGE_CODE,TYPE,IS_PREFERRED,STATUS) values (1401,'Patient not on self-medication',140,'en','Preferred Term','Yes','current');
insert into DESIGNATION (ID,DESIGNATION,CODE_SYSTEM_CONCEPT_ID,LANGUAGE_CODE,TYPE,IS_PREFERRED,STATUS) values (1402,'Patient nimmt dzt. keine Medikamente',140,'de','Preferred Term','Yes','current');
insert into DESIGNATION (ID,DESIGNATION,CODE_SYSTEM_CONCEPT_ID,LANGUAGE_CODE,TYPE,IS_PREFERRED,STATUS) values (1403,'Pas d auto-médication en cours',140,'fr','Preferred Term','Yes','current');
insert into CODE_SYSTEM_CONCEPT (id, code,code_system_version_id) values (141,'18776-5',101);
insert into DESIGNATION (ID,DESIGNATION,CODE_SYSTEM_CONCEPT_ID,LANGUAGE_CODE,TYPE,IS_PREFERRED,STATUS) values (1411,'Health Maintenance Care Plan',141,'en','Preferred Term','Yes','current');
insert into DESIGNATION (ID,DESIGNATION,CODE_SYSTEM_CONCEPT_ID,LANGUAGE_CODE,TYPE,IS_PREFERRED,STATUS) values (1412,'Bewertung des Gesundheitsversorgungspflegeplans',141,'de','Preferred Term','Yes','current');
insert into DESIGNATION (ID,DESIGNATION,CODE_SYSTEM_CONCEPT_ID,LANGUAGE_CODE,TYPE,IS_PREFERRED,STATUS) values (1413,'Plan de traitement',141,'fr','Preferred Term','Yes','current');
insert into CODE_SYSTEM_CONCEPT (id, code,code_system_version_id) values (142,'11450-4',101);
insert into DESIGNATION (ID,DESIGNATION,CODE_SYSTEM_CONCEPT_ID,LANGUAGE_CODE,TYPE,IS_PREFERRED,STATUS) values (1421,'Active Problems',142,'en','Preferred Term','Yes','current');
insert into DESIGNATION (ID,DESIGNATION,CODE_SYSTEM_CONCEPT_ID,LANGUAGE_CODE,TYPE,IS_PREFERRED,STATUS) values (1422,'Problemliste',142,'de','Preferred Term','Yes','current');
insert into DESIGNATION (ID,DESIGNATION,CODE_SYSTEM_CONCEPT_ID,LANGUAGE_CODE,TYPE,IS_PREFERRED,STATUS) values (1423,'Liste des problčmes actifs',142,'fr','Preferred Term','Yes','current');
insert into CODE_SYSTEM_CONCEPT (id, code,code_system_version_id) values (143,'S82',111);
insert into DESIGNATION (ID,DESIGNATION,CODE_SYSTEM_CONCEPT_ID,LANGUAGE_CODE,TYPE,IS_PREFERRED,STATUS) values (1431,'Fracture of lower leg, including ankle',143,'en','Preferred Term','Yes','current');
insert into DESIGNATION (ID,DESIGNATION,CODE_SYSTEM_CONCEPT_ID,LANGUAGE_CODE,TYPE,IS_PREFERRED,STATUS) values (1432,'Fraktur des Unterschenkels,  einschließlich des oberen Sprunggelenkes',143,'de','Preferred Term','Yes','current');
insert into DESIGNATION (ID,DESIGNATION,CODE_SYSTEM_CONCEPT_ID,LANGUAGE_CODE,TYPE,IS_PREFERRED,STATUS) values (1433,'Fracture de la jambe, y compris la cheville',143,'fr','Preferred Term','Yes','current');
insert into CODE_SYSTEM_CONCEPT (id, code,code_system_version_id) values (144,'11348-0',101);
insert into DESIGNATION (ID,DESIGNATION,CODE_SYSTEM_CONCEPT_ID,LANGUAGE_CODE,TYPE,IS_PREFERRED,STATUS) values (1441,'History of Past Illness',144,'en','Preferred Term','Yes','current');
insert into DESIGNATION (ID,DESIGNATION,CODE_SYSTEM_CONCEPT_ID,LANGUAGE_CODE,TYPE,IS_PREFERRED,STATUS) values (1442,'Bisherige Krankheiten',144,'de','Preferred Term','Yes','current');
insert into DESIGNATION (ID,DESIGNATION,CODE_SYSTEM_CONCEPT_ID,LANGUAGE_CODE,TYPE,IS_PREFERRED,STATUS) values (1443,'Historique des maladies',144,'fr','Preferred Term','Yes','current');
insert into CODE_SYSTEM_CONCEPT (id, code,code_system_version_id) values (145,'J18',111);
insert into DESIGNATION (ID,DESIGNATION,CODE_SYSTEM_CONCEPT_ID,LANGUAGE_CODE,TYPE,IS_PREFERRED,STATUS) values (1451,'Pneumonia, organism unspecified',145,'en','Preferred Term','Yes','current');
insert into DESIGNATION (ID,DESIGNATION,CODE_SYSTEM_CONCEPT_ID,LANGUAGE_CODE,TYPE,IS_PREFERRED,STATUS) values (1452,'Pneumonie,  Erreger nicht näher bezeichnet',145,'de','Preferred Term','Yes','current');
insert into DESIGNATION (ID,DESIGNATION,CODE_SYSTEM_CONCEPT_ID,LANGUAGE_CODE,TYPE,IS_PREFERRED,STATUS) values (1453,'Pneumopathie à micro-organisme non précisé',145,'fr','Preferred Term','Yes','current');
insert into CODE_SYSTEM_CONCEPT (id, code,code_system_version_id) values (146,'1111',107);
insert into DESIGNATION (ID,DESIGNATION,CODE_SYSTEM_CONCEPT_ID,LANGUAGE_CODE,TYPE,IS_PREFERRED,STATUS) values (1461,'Problem one',146,'en','Preferred Term','Yes','current');
insert into DESIGNATION (ID,DESIGNATION,CODE_SYSTEM_CONCEPT_ID,LANGUAGE_CODE,TYPE,IS_PREFERRED,STATUS) values (1463,'Problėme',146,'fr','Preferred Term','Yes','current');
insert into CODE_SYSTEM_CONCEPT (id, code,code_system_version_id) values (147,'24484000',107);
insert into DESIGNATION (ID,DESIGNATION,CODE_SYSTEM_CONCEPT_ID,LANGUAGE_CODE,TYPE,IS_PREFERRED,STATUS) values (1471,'Severe',147,'en','Preferred Term','Yes','current');
insert into DESIGNATION (ID,DESIGNATION,CODE_SYSTEM_CONCEPT_ID,LANGUAGE_CODE,TYPE,IS_PREFERRED,STATUS) values (1472,'Hoch',147,'de','Preferred Term','Yes','current');
insert into DESIGNATION (ID,DESIGNATION,CODE_SYSTEM_CONCEPT_ID,LANGUAGE_CODE,TYPE,IS_PREFERRED,STATUS) values (1473,'Elévé',147,'fr','Preferred Term','Yes','current');
insert into CODE_SYSTEM_CONCEPT (id, code,code_system_version_id) values (148,'47519-4',101);
insert into DESIGNATION (ID,DESIGNATION,CODE_SYSTEM_CONCEPT_ID,LANGUAGE_CODE,TYPE,IS_PREFERRED,STATUS) values (1481,'Coded List of Surgeries',148,'en','Preferred Term','Yes','current');
insert into DESIGNATION (ID,DESIGNATION,CODE_SYSTEM_CONCEPT_ID,LANGUAGE_CODE,TYPE,IS_PREFERRED,STATUS) values (1482,'Durchgeführte Behandlungen',148,'de','Preferred Term','Yes','current');
insert into DESIGNATION (ID,DESIGNATION,CODE_SYSTEM_CONCEPT_ID,LANGUAGE_CODE,TYPE,IS_PREFERRED,STATUS) values (1483,'Historique des interventions chirurgicales',148,'fr','Preferred Term','Yes','current');
insert into CODE_SYSTEM_CONCEPT (id, code,code_system_version_id) values (149,'57168000',107);
insert into DESIGNATION (ID,DESIGNATION,CODE_SYSTEM_CONCEPT_ID,LANGUAGE_CODE,TYPE,IS_PREFERRED,STATUS) values (1491,'Operation on bone',149,'en','Preferred Term','Yes','current');
insert into CODE_SYSTEM_CONCEPT (id, code,code_system_version_id) values (150,'255594003',107);
insert into DESIGNATION (ID,DESIGNATION,CODE_SYSTEM_CONCEPT_ID,LANGUAGE_CODE,TYPE,IS_PREFERRED,STATUS) values (1501,'Complete',150,'en','Preferred Term','Yes','current');
insert into DESIGNATION (ID,DESIGNATION,CODE_SYSTEM_CONCEPT_ID,LANGUAGE_CODE,TYPE,IS_PREFERRED,STATUS) values (1502,'Beendet',150,'de','Preferred Term','Yes','current');
insert into DESIGNATION (ID,DESIGNATION,CODE_SYSTEM_CONCEPT_ID,LANGUAGE_CODE,TYPE,IS_PREFERRED,STATUS) values (1503,'Terminé',150,'fr','Preferred Term','Yes','current');
insert into CODE_SYSTEM_CONCEPT (id, code,code_system_version_id) values (151,'46264-8',101);
insert into DESIGNATION (ID,DESIGNATION,CODE_SYSTEM_CONCEPT_ID,LANGUAGE_CODE,TYPE,IS_PREFERRED,STATUS) values (1511,'History of Medication Use',151,'en','Preferred Term','Yes','current');
insert into DESIGNATION (ID,DESIGNATION,CODE_SYSTEM_CONCEPT_ID,LANGUAGE_CODE,TYPE,IS_PREFERRED,STATUS) values (1513,'Dispositifs médicaux',151,'fr','Preferred Term','Yes','current');
insert into CODE_SYSTEM_CONCEPT (id, code,code_system_version_id) values (152,'77444004',107);
insert into DESIGNATION (ID,DESIGNATION,CODE_SYSTEM_CONCEPT_ID,LANGUAGE_CODE,TYPE,IS_PREFERRED,STATUS) values (1521,'Bone pin',152,'en','Preferred Term','Yes','current');
insert into DESIGNATION (ID,DESIGNATION,CODE_SYSTEM_CONCEPT_ID,LANGUAGE_CODE,TYPE,IS_PREFERRED,STATUS) values (1522,'Marknagel',152,'de','Preferred Term','Yes','current');
insert into DESIGNATION (ID,DESIGNATION,CODE_SYSTEM_CONCEPT_ID,LANGUAGE_CODE,TYPE,IS_PREFERRED,STATUS) values (1523,'Broche métallique orthopédique',152,'fr','Preferred Term','Yes','current');
insert into CODE_SYSTEM_CONCEPT (id, code,code_system_version_id) values (153,'29762-2',101);
insert into DESIGNATION (ID,DESIGNATION,CODE_SYSTEM_CONCEPT_ID,LANGUAGE_CODE,TYPE,IS_PREFERRED,STATUS) values (1531,'Social History',153,'en','Preferred Term','Yes','current');
insert into DESIGNATION (ID,DESIGNATION,CODE_SYSTEM_CONCEPT_ID,LANGUAGE_CODE,TYPE,IS_PREFERRED,STATUS) values (1533,'Historique social',153,'fr','Preferred Term','Yes','current');
insert into CODE_SYSTEM_CONCEPT (id, code,code_system_version_id) values (154,'229819007',107);
insert into DESIGNATION (ID,DESIGNATION,CODE_SYSTEM_CONCEPT_ID,LANGUAGE_CODE,TYPE,IS_PREFERRED,STATUS) values (1541,'Tobacco use and exposure',154,'en','Preferred Term','Yes','current');
insert into DESIGNATION (ID,DESIGNATION,CODE_SYSTEM_CONCEPT_ID,LANGUAGE_CODE,TYPE,IS_PREFERRED,STATUS) values (1542,'Rauchen - aktiv und passiv',154,'de','Preferred Term','Yes','current');
insert into DESIGNATION (ID,DESIGNATION,CODE_SYSTEM_CONCEPT_ID,LANGUAGE_CODE,TYPE,IS_PREFERRED,STATUS) values (1543,'Tabac (Consommation du tabac et exposition)',154,'fr','Preferred Term','Yes','current');
insert into CODE_SYSTEM_CONCEPT (id, code,code_system_version_id) values (155,'10162-6',101);
insert into DESIGNATION (ID,DESIGNATION,CODE_SYSTEM_CONCEPT_ID,LANGUAGE_CODE,TYPE,IS_PREFERRED,STATUS) values (1551,'Pregnancy History',155,'en','Preferred Term','Yes','current');
insert into DESIGNATION (ID,DESIGNATION,CODE_SYSTEM_CONCEPT_ID,LANGUAGE_CODE,TYPE,IS_PREFERRED,STATUS) values (1552,'Bisherige Schwangerschaften',155,'de','Preferred Term','Yes','current');
insert into DESIGNATION (ID,DESIGNATION,CODE_SYSTEM_CONCEPT_ID,LANGUAGE_CODE,TYPE,IS_PREFERRED,STATUS) values (1553,'Historique des grossesses',155,'fr','Preferred Term','Yes','current');
insert into CODE_SYSTEM_CONCEPT (id, code,code_system_version_id) values (156,'8716-3',101);
insert into DESIGNATION (ID,DESIGNATION,CODE_SYSTEM_CONCEPT_ID,LANGUAGE_CODE,TYPE,IS_PREFERRED,STATUS) values (1561,'Coded Vital Signs',156,'en','Preferred Term','Yes','current');
insert into DESIGNATION (ID,DESIGNATION,CODE_SYSTEM_CONCEPT_ID,LANGUAGE_CODE,TYPE,IS_PREFERRED,STATUS) values (1562,'Vitalparameter',156,'de','Preferred Term','Yes','current');
insert into DESIGNATION (ID,DESIGNATION,CODE_SYSTEM_CONCEPT_ID,LANGUAGE_CODE,TYPE,IS_PREFERRED,STATUS) values (1563,'Signes vitaux',156,'fr','Preferred Term','Yes','current');
insert into CODE_SYSTEM_CONCEPT (id, code,code_system_version_id) values (157,'46680005',107);
insert into DESIGNATION (ID,DESIGNATION,CODE_SYSTEM_CONCEPT_ID,LANGUAGE_CODE,TYPE,IS_PREFERRED,STATUS) values (1571,'Coded Vital Signs',157,'en','Preferred Term','Yes','current');
insert into DESIGNATION (ID,DESIGNATION,CODE_SYSTEM_CONCEPT_ID,LANGUAGE_CODE,TYPE,IS_PREFERRED,STATUS) values (1572,'Vitalparameter',157,'de','Preferred Term','Yes','current');
insert into DESIGNATION (ID,DESIGNATION,CODE_SYSTEM_CONCEPT_ID,LANGUAGE_CODE,TYPE,IS_PREFERRED,STATUS) values (1573,'Les signes vitaux',157,'fr','Preferred Term','Yes','current');
insert into CODE_SYSTEM_CONCEPT (id, code,code_system_version_id) values (158,'9279-1',101);
insert into DESIGNATION (ID,DESIGNATION,CODE_SYSTEM_CONCEPT_ID,LANGUAGE_CODE,TYPE,IS_PREFERRED,STATUS) values (1581,'Frequence of breath',158,'en','Preferred Term','Yes','current');
insert into DESIGNATION (ID,DESIGNATION,CODE_SYSTEM_CONCEPT_ID,LANGUAGE_CODE,TYPE,IS_PREFERRED,STATUS) values (1582,'Atmungstempo',158,'de','Preferred Term','Yes','current');
insert into DESIGNATION (ID,DESIGNATION,CODE_SYSTEM_CONCEPT_ID,LANGUAGE_CODE,TYPE,IS_PREFERRED,STATUS) values (1583,'Taux de respiration',158,'fr','Preferred Term','Yes','current');
insert into CODE_SYSTEM_CONCEPT (id, code,code_system_version_id) values (159,'8867-4',101);
insert into DESIGNATION (ID,DESIGNATION,CODE_SYSTEM_CONCEPT_ID,LANGUAGE_CODE,TYPE,IS_PREFERRED,STATUS) values (1591,'Frequence of heart beat',159,'en','Preferred Term','Yes','current');
insert into DESIGNATION (ID,DESIGNATION,CODE_SYSTEM_CONCEPT_ID,LANGUAGE_CODE,TYPE,IS_PREFERRED,STATUS) values (1592,'Herzschlagsfrequenz',159,'de','Preferred Term','Yes','current');
insert into DESIGNATION (ID,DESIGNATION,CODE_SYSTEM_CONCEPT_ID,LANGUAGE_CODE,TYPE,IS_PREFERRED,STATUS) values (1593,'Fréquence cardiaque',159,'fr','Preferred Term','Yes','current');
insert into CODE_SYSTEM_CONCEPT (id, code,code_system_version_id) values (160,'2710-2',101);
insert into DESIGNATION (ID,DESIGNATION,CODE_SYSTEM_CONCEPT_ID,LANGUAGE_CODE,TYPE,IS_PREFERRED,STATUS) values (1601,'pO2',160,'en','Preferred Term','Yes','current');
insert into DESIGNATION (ID,DESIGNATION,CODE_SYSTEM_CONCEPT_ID,LANGUAGE_CODE,TYPE,IS_PREFERRED,STATUS) values (1602,'Sauerstoffsättigung',160,'de','Preferred Term','Yes','current');
insert into DESIGNATION (ID,DESIGNATION,CODE_SYSTEM_CONCEPT_ID,LANGUAGE_CODE,TYPE,IS_PREFERRED,STATUS) values (1603,'Saturation en oxygčne',160,'fr','Preferred Term','Yes','current');
insert into CODE_SYSTEM_CONCEPT (id, code,code_system_version_id) values (161,'8480-6',101);
insert into DESIGNATION (ID,DESIGNATION,CODE_SYSTEM_CONCEPT_ID,LANGUAGE_CODE,TYPE,IS_PREFERRED,STATUS) values (1611,'INTRAVASCULAR SYSTOLIC',161,'en','Preferred Term','Yes','current');
insert into DESIGNATION (ID,DESIGNATION,CODE_SYSTEM_CONCEPT_ID,LANGUAGE_CODE,TYPE,IS_PREFERRED,STATUS) values (1612,'Intravaskuläre Systole',161,'de','Preferred Term','Yes','current');
insert into DESIGNATION (ID,DESIGNATION,CODE_SYSTEM_CONCEPT_ID,LANGUAGE_CODE,TYPE,IS_PREFERRED,STATUS) values (1613,'Pression artérielle systolique',161,'fr','Preferred Term','Yes','current');
insert into CODE_SYSTEM_CONCEPT (id, code,code_system_version_id) values (162,'8462-4',101);
insert into DESIGNATION (ID,DESIGNATION,CODE_SYSTEM_CONCEPT_ID,LANGUAGE_CODE,TYPE,IS_PREFERRED,STATUS) values (1621,'INTRAVASCULAR DIASTOLIC',162,'en','Preferred Term','Yes','current');
insert into DESIGNATION (ID,DESIGNATION,CODE_SYSTEM_CONCEPT_ID,LANGUAGE_CODE,TYPE,IS_PREFERRED,STATUS) values (1622,'Intravaskuläre Diastole',162,'de','Preferred Term','Yes','current');
insert into DESIGNATION (ID,DESIGNATION,CODE_SYSTEM_CONCEPT_ID,LANGUAGE_CODE,TYPE,IS_PREFERRED,STATUS) values (1623,'Pression artérielle diastolique',162,'fr','Preferred Term','Yes','current');
insert into CODE_SYSTEM_CONCEPT (id, code,code_system_version_id) values (163,'8310-5',101);
insert into DESIGNATION (ID,DESIGNATION,CODE_SYSTEM_CONCEPT_ID,LANGUAGE_CODE,TYPE,IS_PREFERRED,STATUS) values (1631,'Temperature',163,'en','Preferred Term','Yes','current');
insert into DESIGNATION (ID,DESIGNATION,CODE_SYSTEM_CONCEPT_ID,LANGUAGE_CODE,TYPE,IS_PREFERRED,STATUS) values (1632,'Körpertemperatur',163,'de','Preferred Term','Yes','current');
insert into DESIGNATION (ID,DESIGNATION,CODE_SYSTEM_CONCEPT_ID,LANGUAGE_CODE,TYPE,IS_PREFERRED,STATUS) values (1633,'Température du corps',163,'fr','Preferred Term','Yes','current');
insert into CODE_SYSTEM_CONCEPT (id, code,code_system_version_id) values (164,'8302-2',101);
insert into DESIGNATION (ID,DESIGNATION,CODE_SYSTEM_CONCEPT_ID,LANGUAGE_CODE,TYPE,IS_PREFERRED,STATUS) values (1641,'Height',164,'en','Preferred Term','Yes','current');
insert into DESIGNATION (ID,DESIGNATION,CODE_SYSTEM_CONCEPT_ID,LANGUAGE_CODE,TYPE,IS_PREFERRED,STATUS) values (1642,'Körpergröße (gemessen)',164,'de','Preferred Term','Yes','current');
insert into DESIGNATION (ID,DESIGNATION,CODE_SYSTEM_CONCEPT_ID,LANGUAGE_CODE,TYPE,IS_PREFERRED,STATUS) values (1643,'Taille du corps (mesurée)',164,'fr','Preferred Term','Yes','current');
insert into CODE_SYSTEM_CONCEPT (id, code,code_system_version_id) values (165,'8306-3',101);
insert into DESIGNATION (ID,DESIGNATION,CODE_SYSTEM_CONCEPT_ID,LANGUAGE_CODE,TYPE,IS_PREFERRED,STATUS) values (1651,'Height',165,'en','Preferred Term','Yes','current');
insert into DESIGNATION (ID,DESIGNATION,CODE_SYSTEM_CONCEPT_ID,LANGUAGE_CODE,TYPE,IS_PREFERRED,STATUS) values (1652,'Körpergröße (liegend)',165,'de','Preferred Term','Yes','current');
insert into DESIGNATION (ID,DESIGNATION,CODE_SYSTEM_CONCEPT_ID,LANGUAGE_CODE,TYPE,IS_PREFERRED,STATUS) values (1653,'Taille du corps (horizontal)',165,'fr','Preferred Term','Yes','current');
insert into CODE_SYSTEM_CONCEPT (id, code,code_system_version_id) values (166,'8287-5',101);
insert into DESIGNATION (ID,DESIGNATION,CODE_SYSTEM_CONCEPT_ID,LANGUAGE_CODE,TYPE,IS_PREFERRED,STATUS) values (1661,'Circumfrence, fronto-occiptial',166,'en','Preferred Term','Yes','current');
insert into DESIGNATION (ID,DESIGNATION,CODE_SYSTEM_CONCEPT_ID,LANGUAGE_CODE,TYPE,IS_PREFERRED,STATUS) values (1662,'Kreisumfang,  Hinterkopf-Stirnbein (Maßband)',166,'de','Preferred Term','Yes','current');
insert into DESIGNATION (ID,DESIGNATION,CODE_SYSTEM_CONCEPT_ID,LANGUAGE_CODE,TYPE,IS_PREFERRED,STATUS) values (1663,'Circonférence: occipital os frontal (ruban)',166,'fr','Preferred Term','Yes','current');
insert into CODE_SYSTEM_CONCEPT (id, code,code_system_version_id) values (167,'3141-9',101);  
insert into DESIGNATION (ID,DESIGNATION,CODE_SYSTEM_CONCEPT_ID,LANGUAGE_CODE,TYPE,IS_PREFERRED,STATUS) values (1671,'Weight',167,'en','Preferred Term','Yes','current');
insert into DESIGNATION (ID,DESIGNATION,CODE_SYSTEM_CONCEPT_ID,LANGUAGE_CODE,TYPE,IS_PREFERRED,STATUS) values (1672,'Körpergewicht (gemessen)',167,'de','Preferred Term','Yes','current');
insert into DESIGNATION (ID,DESIGNATION,CODE_SYSTEM_CONCEPT_ID,LANGUAGE_CODE,TYPE,IS_PREFERRED,STATUS) values (1673,'Poids corporel (mesurée)',167,'fr','Preferred Term','Yes','current');
insert into CODE_SYSTEM_CONCEPT (id, code,code_system_version_id) values (168,'47420-5',101);
insert into DESIGNATION (ID,DESIGNATION,CODE_SYSTEM_CONCEPT_ID,LANGUAGE_CODE,TYPE,IS_PREFERRED,STATUS) values (1681,'Functional Status',168,'en','Preferred Term','Yes','current');
insert into DESIGNATION (ID,DESIGNATION,CODE_SYSTEM_CONCEPT_ID,LANGUAGE_CODE,TYPE,IS_PREFERRED,STATUS) values (1682,'Bewertung des funktionalen Zustands',168,'de','Preferred Term','Yes','current');
insert into DESIGNATION (ID,DESIGNATION,CODE_SYSTEM_CONCEPT_ID,LANGUAGE_CODE,TYPE,IS_PREFERRED,STATUS) values (1683,'Bilan de la perte d autonomie',168,'fr','Preferred Term','Yes','current');
insert into CODE_SYSTEM_CONCEPT (id, code,code_system_version_id) values (169,'S',114);
insert into DESIGNATION (ID,DESIGNATION,CODE_SYSTEM_CONCEPT_ID,LANGUAGE_CODE,TYPE,IS_PREFERRED,STATUS) values (1691,'Single',169,'en','Preferred Term','Yes','current');
insert into DESIGNATION (ID,DESIGNATION,CODE_SYSTEM_CONCEPT_ID,LANGUAGE_CODE,TYPE,IS_PREFERRED,STATUS) values (1693,'Célibataire',169,'fr','Preferred Term','Yes','current');
insert into CODE_SYSTEM_CONCEPT (id, code,code_system_version_id) values (170,'RSP',115);
insert into DESIGNATION (ID,DESIGNATION,CODE_SYSTEM_CONCEPT_ID,LANGUAGE_CODE,TYPE,IS_PREFERRED,STATUS) values (1701,'hear / understand',170,'en','Preferred Term','Yes','current');
insert into DESIGNATION (ID,DESIGNATION,CODE_SYSTEM_CONCEPT_ID,LANGUAGE_CODE,TYPE,IS_PREFERRED,STATUS) values (1702,'hören / verstehen',170,'de','Preferred Term','Yes','current');
insert into DESIGNATION (ID,DESIGNATION,CODE_SYSTEM_CONCEPT_ID,LANGUAGE_CODE,TYPE,IS_PREFERRED,STATUS) values (1703,'entendre/comprendre',170,'fr','Preferred Term','Yes','current');
insert into CODE_SYSTEM_CONCEPT (id, code,code_system_version_id) values (171,'E',116);
insert into DESIGNATION (ID,DESIGNATION,CODE_SYSTEM_CONCEPT_ID,LANGUAGE_CODE,TYPE,IS_PREFERRED,STATUS) values (1711,'Excellent',171,'en','Preferred Term','Yes','current');
insert into DESIGNATION (ID,DESIGNATION,CODE_SYSTEM_CONCEPT_ID,LANGUAGE_CODE,TYPE,IS_PREFERRED,STATUS) values (1712,'Hervorragend',171,'de','Preferred Term','Yes','current');
insert into DESIGNATION (ID,DESIGNATION,CODE_SYSTEM_CONCEPT_ID,LANGUAGE_CODE,TYPE,IS_PREFERRED,STATUS) values (1713,'Excellent',171,'fr','Preferred Term','Yes','current');
insert into CODE_SYSTEM_CONCEPT (id, code,code_system_version_id) values (172,'high',118);
insert into DESIGNATION (ID,DESIGNATION,CODE_SYSTEM_CONCEPT_ID,LANGUAGE_CODE,TYPE,IS_PREFERRED,STATUS) values (1721,'high',172,'en','Preferred Term','Yes','current');
insert into DESIGNATION (ID,DESIGNATION,CODE_SYSTEM_CONCEPT_ID,LANGUAGE_CODE,TYPE,IS_PREFERRED,STATUS) values (1722,'Hoch',172,'de','Preferred Term','Yes','current');
insert into CODE_SYSTEM_CONCEPT (id, code,code_system_version_id) values (173,'1',119);
insert into DESIGNATION (ID,DESIGNATION,CODE_SYSTEM_CONCEPT_ID,LANGUAGE_CODE,TYPE,IS_PREFERRED,STATUS) values (1731,'invasive',173,'en','Preferred Term','Yes','current');
insert into DESIGNATION (ID,DESIGNATION,CODE_SYSTEM_CONCEPT_ID,LANGUAGE_CODE,TYPE,IS_PREFERRED,STATUS) values (1732,'Invasiv',173,'de','Preferred Term','Yes','current');
insert into CODE_SYSTEM_CONCEPT (id, code,code_system_version_id) values (174,'2',119);
insert into DESIGNATION (ID,DESIGNATION,CODE_SYSTEM_CONCEPT_ID,LANGUAGE_CODE,TYPE,IS_PREFERRED,STATUS) values (1741,'right',174,'en','Preferred Term','Yes','current');
insert into DESIGNATION (ID,DESIGNATION,CODE_SYSTEM_CONCEPT_ID,LANGUAGE_CODE,TYPE,IS_PREFERRED,STATUS) values (1742,'Rechts',174,'de','Preferred Term','Yes','current');
insert into CODE_SYSTEM_CONCEPT (id, code,code_system_version_id) values (175,'ESGN',115);
insert into DESIGNATION (ID,DESIGNATION,CODE_SYSTEM_CONCEPT_ID,LANGUAGE_CODE,TYPE,IS_PREFERRED,STATUS) values (1751,'Expressed signed',175,'en','Preferred Term','Yes','current');
insert into DESIGNATION (ID,DESIGNATION,CODE_SYSTEM_CONCEPT_ID,LANGUAGE_CODE,TYPE,IS_PREFERRED,STATUS) values (1753,'Exprimé signé',175,'fr','Preferred Term','Yes','current');
update CODE_SYSTEM_VERSION set status = 'current' where status is null; 